Fecha;"TIEMPO";"MJA-1-X";"MJA-1-Y";"MJA-1-Z";"MJA-2-X";"MJA-2-Y";"MJA-2-Z"
13/08/2015;13/08/2015 8:39:54;11,67;12,68;5,59;11,92;12,88;5,94
14/08/2015;14/08/2015 0:09:54;11,67;12,68;5,59;11,92;12,88;5,94
15/08/2015;15/08/2015 0:09:54;11,67;12,68;5,59;11,92;12,87;5,94
16/08/2015;16/08/2015 0:09:54;11,67;12,68;5,59;11,92;12,87;5,94
17/08/2015;17/08/2015 0:09:54;11,67;12,68;5,59;11,92;12,87;5,94
18/08/2015;18/08/2015 0:09:54;11,67;12,68;5,60;11,92;12,86;5,94
19/08/2015;19/08/2015 0:09:54;11,67;12,68;5,60;11,92;12,86;5,94
20/08/2015;20/08/2015 0:09:54;11,67;12,68;5,60;11,92;12,86;5,94
21/08/2015;21/08/2015 0:09:54;11,67;12,68;5,61;11,93;12,84;5,94
22/08/2015;22/08/2015 0:09:54;11,67;12,68;5,61;11,93;12,84;5,94
23/08/2015;23/08/2015 0:09:54;11,67;12,68;5,61;11,92;12,83;5,94
24/08/2015;24/08/2015 0:09:54;11,66;12,68;5,61;11,92;12,83;5,93
25/08/2015;25/08/2015 0:09:54;11,66;12,68;5,61;11,92;12,83;5,92
26/08/2015;26/08/2015 0:09:54;11,66;12,68;5,61;11,92;12,83;5,92
27/08/2015;27/08/2015 0:09:54;11,66;12,68;5,61;11,93;12,83;5,93
28/08/2015;28/08/2015 0:09:54;11,66;12,68;5,62;11,93;12,82;5,92
29/08/2015;29/08/2015 0:09:54;11,67;12,68;5,62;11,93;12,83;5,93
30/08/2015;30/08/2015 0:09:54;11,66;12,68;5,62;11,93;12,82;5,93
31/08/2015;31/08/2015 0:09:54;11,66;12,68;5,62;11,93;12,82;5,92
01/09/2015;01/09/2015 0:09:54;11,66;12,68;5,62;11,92;12,82;5,91
02/09/2015;02/09/2015 0:09:54;11,66;12,68;5,62;11,92;12,82;5,90
03/09/2015;03/09/2015 0:09:54;11,66;12,68;5,62;11,92;12,81;5,90
04/09/2015;04/09/2015 0:09:54;11,66;12,68;5,62;11,92;12,81;5,90
05/09/2015;05/09/2015 0:09:54;11,66;12,68;5,62;11,92;12,81;5,90
06/09/2015;06/09/2015 0:09:54;11,66;12,68;5,62;11,92;12,81;5,90
07/09/2015;07/09/2015 0:09:54;11,66;12,68;5,62;11,92;12,81;5,90
08/09/2015;08/09/2015 0:09:54;11,66;12,68;5,63;11,92;12,81;5,91
09/09/2015;09/09/2015 0:09:54;11,66;12,68;5,63;11,92;12,79;5,91
10/09/2015;10/09/2015 0:09:54;11,66;12,68;5,63;11,93;12,79;5,91
11/09/2015;11/09/2015 0:09:54;11,66;12,68;5,63;11,92;12,79;5,91
12/09/2015;12/09/2015 0:09:54;11,66;12,68;5,63;11,92;12,79;5,91
13/09/2015;13/09/2015 0:09:54;11,66;12,68;5,63;11,92;12,79;5,91
14/09/2015;14/09/2015 0:09:54;11,66;12,68;5,63;11,92;12,78;5,90
15/09/2015;15/09/2015 0:09:54;11,66;12,68;5,63;11,92;12,78;5,90
16/09/2015;16/09/2015 0:09:54;11,66;12,68;5,63;11,92;12,78;5,90
17/09/2015;17/09/2015 0:09:54;11,66;12,68;5,64;11,92;12,78;5,91
18/09/2015;18/09/2015 0:09:54;11,66;12,68;5,64;11,92;12,78;5,91
19/09/2015;19/09/2015 0:09:54;11,66;12,68;5,64;11,92;12,78;5,91
20/09/2015;20/09/2015 0:09:54;11,66;12,68;5,64;11,92;12,79;5,92
21/09/2015;21/09/2015 0:09:54;11,66;12,68;5,65;11,92;12,79;5,92
22/09/2015;22/09/2015 0:09:54;11,66;12,68;5,65;11,92;12,79;5,92
23/09/2015;23/09/2015 0:09:54;11,66;12,68;5,65;11,92;12,78;5,92
24/09/2015;24/09/2015 0:09:54;11,66;12,68;5,65;11,92;12,78;5,92
25/09/2015;25/09/2015 0:09:54;11,66;12,68;5,65;11,92;12,78;5,92
26/09/2015;26/09/2015 0:09:54;11,66;12,68;5,65;11,92;12,78;5,92
27/09/2015;27/09/2015 0:08:40;11,66;12,68;5,65;11,92;12,78;5,92
28/09/2015;28/09/2015 0:08:40;11,66;12,68;5,65;11,92;12,76;5,92
29/09/2015;29/09/2015 0:08:40;11,66;12,68;5,66;11,92;12,76;5,92
30/09/2015;30/09/2015 0:08:40;11,66;12,67;5,66;11,92;12,75;5,92
01/10/2015;01/10/2015 0:08:40;11,66;12,67;5,66;11,92;12,75;5,92
02/10/2015;02/10/2015 0:08:40;11,66;12,68;5,66;11,92;12,76;5,92
03/10/2015;03/10/2015 0:08:40;11,66;12,68;5,66;11,92;12,76;5,92
04/10/2015;04/10/2015 0:08:40;11,66;12,68;5,66;11,92;12,76;5,92
05/10/2015;05/10/2015 0:08:40;11,66;12,67;5,66;11,92;12,76;5,92
06/10/2015;06/10/2015 0:08:40;11,66;12,67;5,66;11,92;12,75;5,92
07/10/2015;07/10/2015 0:08:40;11,66;12,67;5,66;11,92;12,75;5,92
08/10/2015;08/10/2015 0:08:40;11,66;12,67;5,66;11,92;12,75;5,92
09/10/2015;09/10/2015 0:08:40;11,66;12,67;5,66;11,92;12,75;5,92
10/10/2015;10/10/2015 0:08:40;11,66;12,67;5,66;11,92;12,75;5,92
11/10/2015;11/10/2015 0:08:40;11,66;12,67;5,66;11,91;12,75;5,92
12/10/2015;12/10/2015 0:08:40;11,66;12,67;5,66;11,92;12,75;5,92
13/10/2015;13/10/2015 0:08:40;11,66;12,67;5,66;11,91;12,75;5,92
14/10/2015;14/10/2015 0:08:40;11,66;12,67;5,66;11,91;12,75;5,92
15/10/2015;15/10/2015 0:08:40;11,66;12,67;5,66;11,92;12,75;5,92
16/10/2015;16/10/2015 0:08:40;11,66;12,67;5,66;11,92;12,75;5,92
17/10/2015;17/10/2015 0:08:40;11,66;12,67;5,66;11,92;12,75;5,92
18/10/2015;18/10/2015 0:08:40;11,66;12,67;5,66;11,91;12,75;5,92
19/10/2015;19/10/2015 0:08:40;11,66;12,67;5,66;11,91;12,75;5,92
20/10/2015;20/10/2015 0:08:40;11,66;12,67;5,66;11,91;12,75;5,92
21/10/2015;21/10/2015 0:08:40;11,66;12,67;5,66;11,91;12,75;5,92
22/10/2015;22/10/2015 0:08:40;11,66;12,67;5,66;11,91;12,75;5,92
23/10/2015;23/10/2015 0:01:32;11,66;12,67;5,66;11,91;12,75;5,92
24/10/2015;24/10/2015 0:01:32;11,66;12,67;5,66;11,91;12,75;5,92
25/10/2015;25/10/2015 0:01:32;11,66;12,67;5,66;11,91;12,75;5,92
26/10/2015;26/10/2015 0:01:32;11,66;12,67;5,66;11,91;12,75;5,92
27/10/2015;27/10/2015 0:01:32;11,66;12,67;5,66;11,91;12,75;5,92
28/10/2015;28/10/2015 0:01:32;11,66;12,67;5,65;11,91;12,75;5,92
29/10/2015;29/10/2015 0:01:32;11,65;12,67;5,65;11,91;12,75;5,92
30/10/2015;30/10/2015 0:01:32;11,66;12,67;5,65;11,91;12,75;5,92
31/10/2015;31/10/2015 0:01:32;11,66;12,67;5,65;11,91;12,75;5,92
01/11/2015;01/11/2015 0:01:32;11,66;12,67;5,65;11,91;12,75;5,92
02/11/2015;02/11/2015 0:01:32;11,65;12,67;5,65;11,91;12,75;5,92
03/11/2015;03/11/2015 0:01:32;11,65;12,66;5,64;11,90;12,74;5,92
04/11/2015;04/11/2015 0:01:32;11,65;12,66;5,64;11,91;12,75;5,92
05/11/2015;05/11/2015 0:01:32;11,65;12,66;5,64;11,91;12,75;5,92
06/11/2015;06/11/2015 0:01:32;11,65;12,66;5,64;11,91;12,75;5,92
07/11/2015;07/11/2015 0:01:32;11,65;12,66;5,64;11,91;12,75;5,92
08/11/2015;08/11/2015 0:01:32;11,65;12,66;5,64;11,91;12,75;5,92
09/11/2015;09/11/2015 0:01:32;11,65;12,66;5,64;11,91;12,75;5,92
10/11/2015;10/11/2015 0:01:32;11,65;12,66;5,64;11,91;12,75;5,92
11/11/2015;11/11/2015 0:01:32;11,65;12,66;5,64;11,91;12,75;5,92
12/11/2015;12/11/2015 0:01:32;11,65;12,66;5,64;11,91;12,75;5,92
13/11/2015;13/11/2015 0:01:32;11,65;12,66;5,64;11,91;12,75;5,92
14/11/2015;14/11/2015 0:01:32;11,65;12,66;5,64;11,91;12,75;5,92
15/11/2015;15/11/2015 0:01:32;11,65;12,66;5,64;11,91;12,75;5,92
16/11/2015;16/11/2015 0:01:32;11,65;12,66;5,64;11,91;12,75;5,92
17/11/2015;17/11/2015 0:01:32;11,65;12,66;5,64;11,91;12,74;5,92
18/11/2015;18/11/2015 0:01:32;11,65;12,66;5,64;11,91;12,75;5,92
19/11/2015;19/11/2015 0:01:32;11,65;12,66;5,64;11,91;12,74;5,92
20/11/2015;20/11/2015 0:01:32;11,64;12,66;5,64;11,90;12,74;5,91
21/11/2015;21/11/2015 0:01:32;11,65;12,66;5,64;11,91;12,74;5,92
22/11/2015;22/11/2015 0:01:32;11,65;12,66;5,64;11,91;12,74;5,92
23/11/2015;23/11/2015 0:01:32;11,64;12,65;5,64;11,90;12,74;5,91
24/11/2015;24/11/2015 0:01:32;11,64;12,65;5,64;11,91;12,73;5,91
25/11/2015;25/11/2015 0:01:32;11,64;12,65;5,64;11,90;12,73;5,91
26/11/2015;26/11/2015 0:01:32;11,64;12,65;5,64;11,91;12,73;5,91
27/11/2015;27/11/2015 0:01:32;11,64;12,65;5,64;11,91;12,73;5,92
28/11/2015;28/11/2015 0:01:32;11,64;12,65;5,64;11,91;12,72;5,92
29/11/2015;29/11/2015 0:01:32;11,64;12,65;5,64;11,91;12,72;5,92
30/11/2015;30/11/2015 0:01:32;11,64;12,65;5,64;11,91;12,70;5,92
01/12/2015;01/12/2015 12:37:52;11,64;12,65;5,64;11,91;12,70;5,91
02/12/2015;02/12/2015 0:07:52;11,64;12,65;5,65;11,91;12,70;5,92
03/12/2015;03/12/2015 0:07:52;11,64;12,65;5,65;11,91;12,70;5,92
04/12/2015;04/12/2015 0:07:52;11,64;12,65;5,65;11,91;12,70;5,92
05/12/2015;05/12/2015 0:07:52;11,64;12,65;5,65;11,91;12,69;5,91
06/12/2015;06/12/2015 0:07:52;11,64;12,65;5,65;11,91;12,69;5,91
07/12/2015;07/12/2015 0:07:52;11,64;12,65;5,65;11,91;12,69;5,91
08/12/2015;08/12/2015 0:07:52;11,64;12,65;5,65;11,91;12,69;5,91
09/12/2015;09/12/2015 0:07:52;11,64;12,65;5,65;11,91;12,69;5,91
10/12/2015;10/12/2015 0:07:52;11,64;12,65;5,66;11,91;12,69;5,91
11/12/2015;11/12/2015 0:07:52;11,64;12,65;5,66;11,91;12,69;5,91
12/12/2015;12/12/2015 0:07:52;11,64;12,65;5,66;11,90;12,40;5,91
13/12/2015;13/12/2015 0:07:52;11,64;12,64;5,66;11,90;12,40;5,90
14/12/2015;14/12/2015 0:07:52;11,64;12,64;5,66;11,90;12,40;5,90
15/12/2015;15/12/2015 0:07:52;11,64;12,65;5,66;11,90;12,40;5,89
16/12/2015;16/12/2015 0:07:52;11,64;12,64;5,66;11,91;12,40;5,88
17/12/2015;17/12/2015 0:07:52;11,64;12,64;5,66;11,90;12,40;5,87
18/12/2015;18/12/2015 0:07:52;11,64;12,64;5,66;11,91;12,40;5,87
19/12/2015;19/12/2015 0:07:52;11,64;12,64;5,66;11,91;12,40;5,87
20/12/2015;20/12/2015 0:07:52;11,64;12,64;5,66;11,91;12,40;5,87
21/12/2015;21/12/2015 0:07:52;11,64;12,64;5,66;11,91;12,40;5,87
22/12/2015;22/12/2015 0:07:52;11,64;12,64;5,66;11,91;12,40;5,87
23/12/2015;23/12/2015 0:07:52;11,64;12,64;5,66;11,91;12,40;5,86
24/12/2015;24/12/2015 0:07:52;11,64;12,64;5,66;11,91;12,40;5,86
25/12/2015;25/12/2015 0:07:52;11,64;12,64;5,66;11,91;12,40;5,86
26/12/2015;26/12/2015 0:07:52;11,64;12,64;5,66;11,91;12,40;5,86
27/12/2015;27/12/2015 0:07:52;11,64;12,64;5,66;11,91;12,40;5,86
28/12/2015;28/12/2015 0:07:52;11,64;12,64;5,66;11,91;12,40;5,86
29/12/2015;29/12/2015 0:07:52;11,64;12,64;5,67;11,91;12,40;5,86
30/12/2015;30/12/2015 0:07:52;11,64;12,64;5,67;11,91;12,40;5,85
31/12/2015;31/12/2015 0:07:52;11,64;12,64;5,67;11,91;12,40;5,84
01/01/2016;01/01/2016 0:07:52;11,64;12,64;5,67;11,91;12,40;5,84
02/01/2016;02/01/2016 0:07:52;11,64;12,64;5,67;11,91;12,40;5,84
03/01/2016;03/01/2016 0:07:52;11,64;12,64;5,67;11,91;12,40;5,84
04/01/2016;04/01/2016 0:07:52;11,64;12,64;5,67;11,91;12,40;5,83
05/01/2016;05/01/2016 0:07:52;11,64;12,64;5,67;11,91;12,40;5,83
06/01/2016;06/01/2016 0:07:52;11,64;12,64;5,66;11,91;12,40;5,82
07/01/2016;07/01/2016 0:07:52;11,64;12,64;5,66;11,91;12,40;5,82
08/01/2016;08/01/2016 0:07:52;11,64;12,64;5,66;11,92;12,40;5,82
09/01/2016;09/01/2016 0:07:52;11,64;12,64;5,66;11,92;12,40;5,82
10/01/2016;10/01/2016 0:07:52;11,64 u.;12,64 u.;5,66 u.;11,92 u.;12,40 u.;5,82 u.
11/01/2016;11/01/2016 0:07:52;11,64;12,64;5,66;11,92;12,40;5,81
12/01/2016;12/01/2016 0:07:52;11,64;12,64;5,66;11,91;12,40;5,81
13/01/2016;13/01/2016 0:07:52;11,64;12,64;5,66;11,91;12,40;5,81
14/01/2016;14/01/2016 0:07:52;11,64;12,64;5,66;11,92;12,40;5,80
15/01/2016;15/01/2016 0:07:52;11,64;12,64;5,66;11,92;12,40;5,80
16/01/2016;16/01/2016 0:07:52;11,64;12,64;5,66;11,92;12,40;5,80
17/01/2016;17/01/2016 0:07:52;11,64;12,64;5,66;11,92;12,40;5,77
18/01/2016;18/01/2016 0:07:52;11,64;12,64;5,65;11,92;12,40;5,78
19/01/2016;19/01/2016 0:07:52;11,64;12,64;5,66;11,93;12,40;5,79
20/01/2016;20/01/2016 0:07:52;11,64;12,64;5,66;11,92;12,40;5,79
21/01/2016;21/01/2016 0:07:52;11,64;12,64;5,66;11,93;12,40;5,79
22/01/2016;22/01/2016 0:07:52;11,64;12,64;5,66;11,93;12,41;5,79
23/01/2016;23/01/2016 0:07:52;11,64;12,64;5,66;11,93;12,41;5,79
24/01/2016;24/01/2016 0:07:52;11,64;12,64;5,66;11,93;12,41;5,78
25/01/2016;25/01/2016 0:07:52;11,64;12,64;5,66;11,93;12,41;5,77
26/01/2016;26/01/2016 0:07:52;11,64;12,64;5,66;11,93;12,41;5,77
27/01/2016;27/01/2016 0:07:52;11,64;12,64;5,66;11,93;12,41;5,77
28/01/2016;28/01/2016 0:07:52;11,64;12,64;5,66;11,93;12,41;5,76
29/01/2016;29/01/2016 0:07:52;11,64;12,64;5,66;11,93;12,40;5,76
30/01/2016;30/01/2016 0:07:52;11,64;12,64;5,66;11,93;12,40;5,75
31/01/2016;31/01/2016 0:07:52;11,64;12,64;5,66;11,93;12,40;5,75
01/02/2016;01/02/2016 0:07:52;11,64;12,64;5,66;11,93;12,41;5,75
02/02/2016;02/02/2016 0:07:52;11,64;12,64;5,66;11,93;12,41;5,75
03/02/2016;03/02/2016 0:03:35;11,64;12,64;5,66;11,92;12,40;5,75
04/02/2016;04/02/2016 0:03:35;11,64;12,64;5,66;11,93;12,41;5,74
05/02/2016;05/02/2016 0:03:35;11,64;12,64;5,66;11,93;12,41;5,74
06/02/2016;06/02/2016 0:03:35;11,64;12,64;5,66;11,93;12,41;5,74
07/02/2016;07/02/2016 0:03:35;11,64;12,64;5,66;11,93;12,41;5,74
08/02/2016;08/02/2016 0:03:35;11,64;12,64;5,66;11,93;12,41;5,74
09/02/2016;09/02/2016 0:03:35;11,64;12,64;5,66;11,93;12,41;5,73
10/02/2016;10/02/2016 0:01:57;11,64;12,64;5,66;11,93;12,41;5,73
11/02/2016;11/02/2016 0:08:25;11,64;12,64;5,66;11,93;14,48;5,73
12/02/2016;12/02/2016 0:08:25;11,64;12,64;5,66;11,93;14,49;5,73
13/02/2016;13/02/2016 0:04:05;11,64;12,64;5,66;11,93;14,49;5,73
14/02/2016;14/02/2016 0:02:29;11,64;12,64;5,66;11,93;14,49;5,72
15/02/2016;15/02/2016 10:14:52;11,64;12,63;5,65;11,92;14,49;5,70
16/02/2016;16/02/2016 0:04:52;11,64;12,64;5,66;11,93;14,50;5,70
17/02/2016;17/02/2016 10:43:34;11,63;12,63;5,65;11,93;14,50;5,68
18/02/2016;18/02/2016 0:03:34;11,64;12,64;5,65;11,94;14,51;5,69
19/02/2016;19/02/2016 0:03:34;11,64;12,64;5,65;11,94;14,51;5,70
20/02/2016;20/02/2016 0:03:34;11,64;12,64;5,65;11,94;14,51;5,70
21/02/2016;21/02/2016 0:03:34;11,64;12,64;5,65;11,94;14,52;5,70
22/02/2016;22/02/2016 0:03:34;11,64;12,64;5,66;11,94;14,52;5,70
23/02/2016;23/02/2016 0:03:34;11,64;12,64;5,65;11,94;14,52;5,70
24/02/2016;24/02/2016 0:03:34;11,64;12,64;5,66;11,94;14,52;5,70
25/02/2016;25/02/2016 0:03:34;11,64;12,64;5,65;11,94;14,52;5,69
26/02/2016;26/02/2016 0:03:34;11,64;12,64;5,65;11,94;14,52;5,69
27/02/2016;27/02/2016 0:03:34;11,64;12,64;5,65;11,94;14,52;5,68
28/02/2016;28/02/2016 0:03:34;11,64;12,64;5,65;11,93;14,51;5,68
29/02/2016;29/02/2016 0:03:34;11,64;12,64;5,65;11,94;14,52;5,68
01/03/2016;01/03/2016 0:03:34;11,64;12,64;5,65;11,94;14,52;5,68
02/03/2016;02/03/2016 0:03:34;11,64;12,64;5,65;11,94;14,52;5,67
03/03/2016;03/03/2016 0:03:34;11,64;12,64;5,65;11,94;14,52;5,67
04/03/2016;04/03/2016 0:03:34;11,64;12,64;5,65;11,94;14,52;5,67
05/03/2016;05/03/2016 0:06:28;11,64;12,64;5,65;11,94;14,52;5,67
06/03/2016;06/03/2016 0:06:28;11,64;12,64;5,65;11,94;14,52;5,67
07/03/2016;07/03/2016 0:06:28;11,64;12,64;5,65;11,94;14,52;5,66
08/03/2016;08/03/2016 0:02:56;11,64;12,64;5,65;11,94;14,52;5,66
09/03/2016;09/03/2016 0:02:56;11,64;12,64;5,65;11,94;14,52;5,65
10/03/2016;10/03/2016 0:02:56;11,64;12,64;5,65;11,94;14,52;5,65
11/03/2016;11/03/2016 0:02:56;11,64;12,64;5,65;11,94;14,52;5,65
12/03/2016;12/03/2016 0:02:56;11,64;12,64;5,65;11,94;14,52;5,65
13/03/2016;13/03/2016 0:02:56;11,64;12,64;5,65;11,94;14,52;5,65
14/03/2016;14/03/2016 0:02:56;11,64;12,64;5,65;11,94;14,52;5,65
15/03/2016;15/03/2016 0:02:56;11,64;12,64;5,65;11,94;14,52;5,65
16/03/2016;16/03/2016 0:02:56;11,64;12,64;5,65;11,94;14,52;5,64
17/03/2016;17/03/2016 0:02:56;11,64;12,64;5,65;11,94;14,52;5,64
18/03/2016;18/03/2016 0:02:56;11,64;12,64;5,65;11,94;14,52;5,63
19/03/2016;19/03/2016 0:02:56;11,64;12,64;5,65;11,94;14,53;5,63
20/03/2016;20/03/2016 0:02:56;11,64;12,64;5,65;11,94;14,53;5,63
21/03/2016;21/03/2016 0:02:56;11,64;12,64;5,65;11,94;14,52;5,62
22/03/2016;22/03/2016 0:02:56;11,64;12,64;5,65;11,94;14,52;5,63
23/03/2016;23/03/2016 0:02:56;11,64;12,64;5,65;11,94;14,53;5,63
24/03/2016;24/03/2016 0:02:56;11,64;12,64;5,65;11,94;14,53;5,62
25/03/2016;25/03/2016 0:02:56;11,64;12,64;5,65;11,95;14,53;5,62
26/03/2016;26/03/2016 0:02:56;11,64;12,64;5,65;11,95;14,53;5,62
27/03/2016;27/03/2016 0:02:56;11,64;12,64;5,65;11,95;14,53;5,62
28/03/2016;28/03/2016 0:02:56;11,64;12,64;5,65;11,95;14,53;5,62
29/03/2016;29/03/2016 0:02:56;11,64;12,64;5,65;11,95;14,53;5,61
30/03/2016;30/03/2016 0:02:56;11,64;12,64;5,65;11,95;14,54;5,61
31/03/2016;31/03/2016 0:02:56;11,64;12,64;5,65;11,95;14,54;5,61
01/04/2016;01/04/2016 0:02:56;11,64;12,64;5,65;11,95;14,54;5,61
02/04/2016;02/04/2016 0:02:56;11,64;12,64;5,65;11,95;14,54;5,60
03/04/2016;03/04/2016 0:02:56;11,64;12,64;5,65;11,95;14,54;5,60
04/04/2016;04/04/2016 0:02:56;11,64;12,64;5,65;11,95;14,54;5,60
05/04/2016;05/04/2016 0:02:56;11,64;12,64;5,64;11,95;14,54;5,60
06/04/2016;06/04/2016 0:02:56;11,64;12,64;5,64;11,95;14,55;5,61
07/04/2016;07/04/2016 0:02:56;11,64;12,64;5,64;11,95;14,55;5,61
08/04/2016;08/04/2016 0:02:56;11,64;12,64;5,65;11,96;14,55;5,61
09/04/2016;09/04/2016 0:02:56;11,64;12,64;5,65;11,96;14,55;5,60
10/04/2016;10/04/2016 0:02:56;11,64;12,64;5,64;11,96;14,55;5,60
11/04/2016;11/04/2016 0:02:56;11,64;12,64;5,64;11,95;14,55;5,60
12/04/2016;12/04/2016 0:02:56;11,64;12,64;5,64;11,95;14,55;5,60
13/04/2016;13/04/2016 0:02:56;11,64;12,64;5,64;11,95;14,55;5,60
14/04/2016;14/04/2016 0:02:56;11,64;12,64;5,64;11,95;14,56;5,60
15/04/2016;15/04/2016 0:02:56;11,64;12,64;5,64;11,96;14,56;5,60
16/04/2016;16/04/2016 0:02:56;11,64;12,64;5,64;11,96;14,56;5,60
17/04/2016;17/04/2016 0:02:56;11,64;12,64;5,64;11,96;14,56;5,60
18/04/2016;18/04/2016 0:02:56;11,64;12,64;5,64;11,96;14,56;5,60
19/04/2016;19/04/2016 0:02:56;11,64;12,64;5,65;11,96;14,56;5,59
20/04/2016;20/04/2016 0:02:56;11,64;12,64;5,64;11,95;14,56;5,59
21/04/2016;21/04/2016 0:02:56;11,64;12,64;5,64;11,95;14,56;5,58
22/04/2016;22/04/2016 0:02:56;11,64;12,64;5,64;11,96;14,57;5,58
23/04/2016;23/04/2016 0:02:56;11,64;12,64;5,64;11,96;14,57;5,58
24/04/2016;24/04/2016 0:02:56;11,64;12,64;5,64;11,96;14,57;5,58
25/04/2016;25/04/2016 0:02:56;11,64;12,64;5,64;11,96;14,58;5,59
26/04/2016;26/04/2016 0:02:56;11,64;12,64;5,64;11,96;14,58;5,58
27/04/2016;27/04/2016 0:02:56;11,64;12,64;5,64;11,96;14,58;5,58
28/04/2016;28/04/2016 0:02:56;11,64;12,64;5,64;11,96;14,58;5,58
29/04/2016;29/04/2016 0:02:56;11,64;12,64;5,64;11,96;14,58;5,58
30/04/2016;30/04/2016 0:07:02;11,64;12,64;5,64;11,96;14,58;5,57
01/05/2016;01/05/2016 0:07:02;11,64;12,64;5,64;11,96;14,58;5,57
02/05/2016;02/05/2016 0:07:02;11,64;12,64;5,64;11,97;14,58;5,57
03/05/2016;03/05/2016 0:07:02;11,64;12,64;5,64;11,97;14,58;5,57
04/05/2016;04/05/2016 0:07:02;11,64;12,64;5,65;11,97;14,58;5,56
05/05/2016;05/05/2016 0:07:02;11,64;12,64;5,64;11,97;14,58;5,55
06/05/2016;06/05/2016 0:07:02;11,64;12,64;5,64;11,96;14,58;5,55
07/05/2016;07/05/2016 0:07:02;11,63;12,64;5,64;11,96;14,58;5,55
08/05/2016;08/05/2016 0:07:02;11,63;12,64;5,64;11,96;14,58;5,55
09/05/2016;09/05/2016 0:07:02;11,63;12,64;5,64;11,96;14,58;5,55
10/05/2016;10/05/2016 0:07:02;11,63;12,64;5,64;11,96;14,58;5,55
11/05/2016;11/05/2016 0:07:02;11,63;12,64;5,64;11,96;14,58;5,55
12/05/2016;12/05/2016 0:07:02;11,62;12,64;5,63;11,96;14,59;5,55
13/05/2016;13/05/2016 0:07:02;11,62;12,64;5,63;11,96;14,60;5,56
14/05/2016;14/05/2016 0:07:02;11,62;12,64;5,63;11,96;14,60;5,56
15/05/2016;15/05/2016 0:07:02;11,63;12,64;5,64;11,97;14,60;5,56
16/05/2016;16/05/2016 0:07:02;11,63;12,64;5,64;11,97;14,60;5,56
17/05/2016;17/05/2016 0:07:02;11,63;12,64;5,64;11,97;14,61;5,56
18/05/2016;18/05/2016 0:07:02;11,63;12,64;5,64;11,97;14,61;5,56
19/05/2016;19/05/2016 0:07:02;11,63;12,64;5,64;11,97;14,61;5,56
20/05/2016;20/05/2016 0:07:02;11,63;12,64;5,64;11,98;14,61;5,56
21/05/2016;21/05/2016 0:03:30;11,63;12,64;5,64;11,98;14,61;5,56
22/05/2016;22/05/2016 0:03:30;11,63;12,64;5,64;11,98;14,61;5,56
23/05/2016;23/05/2016 0:03:30;11,63;12,64;5,64;11,98;14,61;5,56
24/05/2016;24/05/2016 0:03:30;11,63;12,64;5,64;11,98;14,61;5,56
25/05/2016;25/05/2016 0:03:30;11,63;12,64;5,64;11,98;14,61;5,56
26/05/2016;26/05/2016 0:03:30;11,63;12,64;5,64;11,97;14,61;5,56
27/05/2016;27/05/2016 0:03:30;11,63;12,64;5,64;11,97;14,61;5,55
28/05/2016;28/05/2016 0:03:30;11,63;12,64;5,64;11,97;14,61;5,55
29/05/2016;29/05/2016 0:03:30;11,63;12,64;5,64;11,97;14,60;5,55
30/05/2016;30/05/2016 0:03:30;11,63;12,64;5,64;11,97;14,61;5,54
31/05/2016;31/05/2016 0:03:30;11,63;12,64;5,64;11,97;14,61;5,54
01/06/2016;01/06/2016 0:03:30;11,63;12,64;5,64;11,98;14,61;5,55
02/06/2016;02/06/2016 0:03:30;11,63;12,64;5,64;11,98;14,61;5,54
03/06/2016;03/06/2016 0:03:30;11,63;12,64;5,64;11,98;14,61;5,54
04/06/2016;04/06/2016 0:03:30;11,63;12,64;5,64;11,98;14,61;5,54
05/06/2016;05/06/2016 0:03:30;11,63;12,64;5,64;11,98;14,61;5,53
06/06/2016;06/06/2016 0:04:35;11,63;12,64;5,64;11,98;14,61;5,53
07/06/2016;07/06/2016 0:04:35;11,63;12,64;5,64;11,98;14,61;5,53
08/06/2016;08/06/2016 0:04:35;11,64;12,64;5,64;11,98;14,62;5,52
09/06/2016;09/06/2016 0:04:35;11,64;12,64;5,64;11,98;14,62;5,52
10/06/2016;10/06/2016 0:04:35;11,64;12,64;5,64;11,99;14,62;5,52
11/06/2016;11/06/2016 0:04:35;11,64;12,64;5,64;11,99;14,61;5,50
12/06/2016;12/06/2016 0:04:35;11,64;12,64;5,64;11,99;14,61;5,50
13/06/2016;13/06/2016 0:04:35;11,64;12,64;5,64;11,99;14,61;5,49
14/06/2016;14/06/2016 0:04:35;11,64;12,64;5,64;11,99;14,62;5,49
15/06/2016;15/06/2016 0:04:35;11,64;12,64;5,64;12,00;14,61;5,49
16/06/2016;16/06/2016 0:04:35;11,64;12,64;5,64;11,99;14,61;5,48
17/06/2016;17/06/2016 0:04:35;11,64;12,64;5,64;11,99;14,61;5,47
18/06/2016;18/06/2016 0:04:35;11,64;12,64;5,64;12,00;14,61;5,47
19/06/2016;19/06/2016 0:04:35;11,64;12,64;5,64;12,00;14,61;5,47
20/06/2016;20/06/2016 0:04:35;11,64;12,64;5,64;12,00;14,61;5,48
21/06/2016;21/06/2016 0:04:35;11,64;12,64;5,64;12,00;14,61;5,48
22/06/2016;22/06/2016 0:04:35;11,64;12,64;5,64;12,00;14,61;5,47
23/06/2016;23/06/2016 0:04:35;11,64;12,64;5,64;12,01;14,61;5,47
24/06/2016;24/06/2016 0:01:31;11,64;12,64;5,64;12,00;14,61;5,46
25/06/2016;25/06/2016 0:01:31;11,64;12,64;5,64;12,01;14,61;5,46
26/06/2016;26/06/2016 0:01:31;11,64;12,64;5,64;12,00;14,61;5,46
27/06/2016;27/06/2016 0:01:31;11,64;12,64;5,64;12,00;14,61;5,45
28/06/2016;28/06/2016 0:01:31;11,64;12,64;5,64;12,00;14,61;5,44
29/06/2016;29/06/2016 0:01:31;11,64;12,64;5,64;12,00;14,61;5,44
30/06/2016;30/06/2016 0:01:31;11,64;12,63;5,64;12,00;14,61;5,43
01/07/2016;01/07/2016 0:01:31;11,64;12,63;5,64;12,00;14,61;5,42
02/07/2016;02/07/2016 0:01:31;11,65;12,63;5,64;12,01;14,60;5,42
03/07/2016;03/07/2016 0:01:31;11,65;12,63;5,64;12,01;14,60;5,41
04/07/2016;04/07/2016 0:01:31;11,65;12,63;5,64;12,01;14,60;5,41
05/07/2016;05/07/2016 0:01:31;11,65;12,63;5,64;12,01;14,59;5,40
06/07/2016;06/07/2016 0:01:31;11,65;12,63;5,64;12,01;14,59;5,39
07/07/2016;07/07/2016 0:01:31;11,65;12,63;5,64;12,01;14,58;5,38
08/07/2016;08/07/2016 0:01:31;11,65;12,63;5,64;12,00;14,57;5,37
09/07/2016;09/07/2016 0:01:31;11,65;12,63;5,64;12,01;14,57;5,37
10/07/2016;10/07/2016 0:01:31;11,66;12,63;5,64;12,02;14,56;5,37
11/07/2016;11/07/2016 0:01:31;11,65;12,63;5,64;12,02;14,55;5,36
12/07/2016;12/07/2016 0:01:31;11,66;12,63;5,64;12,02;14,55;5,35
13/07/2016;13/07/2016 0:01:31;11,66;12,63;5,64;12,02;14,54;5,33
14/07/2016;14/07/2016 0:01:31;11,66;12,63;5,64;12,02;14,54;5,32
15/07/2016;15/07/2016 0:01:31;11,66;12,63;5,64;12,02;14,53;5,31
16/07/2016;16/07/2016 0:01:31;11,66;12,63;5,64;12,02;14,52;5,31
17/07/2016;17/07/2016 0:01:31;11,66;12,63;5,64;12,02;14,52;5,31
18/07/2016;18/07/2016 0:01:31;11,66;12,63;5,64;12,02;14,51;5,30
19/07/2016;19/07/2016 0:01:31;11,66;12,63;5,64;12,02;14,51;5,29
20/07/2016;20/07/2016 0:01:31;11,66;12,63;5,64;12,02;14,50;5,29
21/07/2016;21/07/2016 0:01:31;11,66;12,63;5,64;12,02;14,50;5,28
22/07/2016;22/07/2016 0:01:31;11,66;12,63;5,64;12,02;14,49;5,28
23/07/2016;23/07/2016 0:01:31;11,66;12,63;5,64;12,02;14,48;5,27
24/07/2016;24/07/2016 0:01:31;11,66;12,63;5,64;12,02;14,47;5,27
25/07/2016;25/07/2016 0:01:31;11,66;12,63;5,64;12,02;14,46;5,26
26/07/2016;26/07/2016 0:01:31;11,66;12,63;5,64;12,02;14,46;5,26
27/07/2016;27/07/2016 0:01:31;11,66;12,63;5,65;12,02;14,45;5,25
28/07/2016;28/07/2016 0:01:31;11,66;12,63;5,64;12,02;14,44;5,24
29/07/2016;29/07/2016 0:01:31;11,66;12,63;5,64;12,02;14,43;5,24
30/07/2016;30/07/2016 0:01:31;11,66;12,63;5,64;12,02;14,43;5,23
31/07/2016;31/07/2016 0:01:31;11,66;12,63;5,64;12,02;14,42;5,23
01/08/2016;01/08/2016 0:01:31;11,66;12,63;5,64;12,02;14,41;5,23
02/08/2016;02/08/2016 0:01:31;11,66;12,63;5,64;12,02;14,41;5,22
03/08/2016;03/08/2016 0:01:31;11,66;12,63;5,64;12,02;14,40;5,22
04/08/2016;04/08/2016 0:01:31;11,66;12,63;5,64;12,02;14,39;5,21
05/08/2016;05/08/2016 0:01:31;11,66;12,63;5,65;12,02;14,39;5,20
06/08/2016;06/08/2016 0:01:31;11,66;12,63;5,65;12,02;14,38;5,20
07/08/2016;07/08/2016 0:01:31;11,66;12,63;5,65;12,02;14,38;5,19
08/08/2016;08/08/2016 0:01:31;11,66;12,63;5,65;12,03;14,37;5,19
09/08/2016;09/08/2016 0:01:31;11,66;12,63;5,65;12,03;14,36;5,18
10/08/2016;10/08/2016 0:01:31;11,66;12,63;5,65;12,03;14,36;5,16
11/08/2016;11/08/2016 0:01:31;11,66;12,63;5,65;12,03;14,36;5,16
12/08/2016;12/08/2016 0:01:31;11,66;12,63;5,65;12,03;14,35;5,15
13/08/2016;13/08/2016 0:01:31;11,66;12,63;5,65;12,03;14,34;5,15
14/08/2016;14/08/2016 0:01:31;11,66;12,63;5,65;12,03;14,34;5,14
15/08/2016;15/08/2016 0:01:31;11,66;12,62;5,65;12,03;14,33;5,13
16/08/2016;16/08/2016 0:01:31;11,66;12,62;5,65;12,03;14,33;5,13
17/08/2016;17/08/2016 0:01:31;11,66;12,62;5,66;12,03;14,32;5,12
18/08/2016;18/08/2016 0:01:31;11,66;12,62;5,66;12,03;14,32;5,11
19/08/2016;19/08/2016 0:01:31;11,66;12,62;5,66;12,03;14,31;5,11
20/08/2016;20/08/2016 0:01:31;11,66;12,62;5,66;12,03;14,30;5,10
21/08/2016;21/08/2016 0:01:31;11,66;12,62;5,66;12,03;14,30;5,09
22/08/2016;22/08/2016 0:01:31;11,66;12,62;5,66;12,03;14,29;5,08
23/08/2016;23/08/2016 0:01:31;11,66;12,62;5,66;12,03;14,29;5,08
24/08/2016;24/08/2016 0:01:31;11,66;12,62;5,67;12,03;14,28;5,07
25/08/2016;25/08/2016 0:01:31;11,65;12,62;5,67;12,03;14,27;5,07
26/08/2016;26/08/2016 0:01:31;11,65;12,62;5,67;12,03;14,27;5,06
27/08/2016;27/08/2016 0:01:31;11,65;12,62;5,67;12,03;14,26;5,05
28/08/2016;28/08/2016 0:01:31;11,65;12,62;5,67;12,03;14,25;5,04
29/08/2016;29/08/2016 0:01:31;11,65;12,62;5,67;12,03;14,25;5,02
30/08/2016;30/08/2016 0:01:31;11,65;12,62;5,68;12,03;14,25;5,01
31/08/2016;31/08/2016 0:01:31;11,65;12,62;5,68;12,03;14,24;5,00
01/09/2016;01/09/2016 0:01:31;11,65;12,62;5,68;12,03;14,23;4,99
02/09/2016;02/09/2016 0:01:31;11,65;12,62;5,68;12,03;14,22;4,99
03/09/2016;03/09/2016 0:01:31;11,65;12,62;5,68;12,03;14,22;4,98
04/09/2016;04/09/2016 0:01:31;11,65;12,62;5,68;12,04;14,22;4,98
05/09/2016;05/09/2016 0:01:31;11,65;12,62;5,68;12,04;14,21;4,97
06/09/2016;06/09/2016 0:01:31;11,65;12,62;5,69;12,04;14,20;4,96
07/09/2016;07/09/2016 0:01:31;11,65;12,62;5,69;12,04;14,19;4,95
08/09/2016;08/09/2016 0:01:31;11,65;12,62;5,69;12,04;14,19;4,95
09/09/2016;09/09/2016 0:01:31;11,65;12,62;5,69;12,03;14,18;4,94
10/09/2016;10/09/2016 0:01:31;11,65;12,62;5,69;12,03;14,17;4,93
11/09/2016;11/09/2016 0:01:31;11,65;12,62;5,69;12,03;14,16;4,93
12/09/2016;12/09/2016 0:01:31;11,65;12,62;5,69;12,03;14,16;4,93
13/09/2016;13/09/2016 0:01:31;11,65;12,62;5,70;12,04;14,15;4,93
14/09/2016;14/09/2016 0:09:16;11,64;12,61;5,70;12,03;14,15;4,93
15/09/2016;15/09/2016 0:09:16;11,64;12,61;5,70;12,03;14,14;4,92
16/09/2016;16/09/2016 0:09:16;11,64;12,61;5,70;12,03;14,14;4,92
17/09/2016;17/09/2016 0:09:16;11,64;12,62;5,70;12,03;14,14;4,93
18/09/2016;18/09/2016 0:09:16;11,64;12,62;5,70;12,03;14,13;4,93
19/09/2016;19/09/2016 0:09:16;11,64;12,62;5,70;12,03;14,13;4,93
20/09/2016;20/09/2016 0:09:16;11,64;12,62;5,70;12,03;14,13;4,93
21/09/2016;21/09/2016 0:09:16;11,64;12,62;5,71;12,03;14,12;4,93
22/09/2016;22/09/2016 0:09:16;11,64;12,62;5,71;12,03;14,12;4,93
23/09/2016;23/09/2016 0:09:16;11,64;12,62;5,71;12,03;14,11;4,93
24/09/2016;24/09/2016 0:09:16;11,64;12,62;5,71;12,03;14,11;4,93
25/09/2016;25/09/2016 0:09:16;11,64;12,62;5,71;12,03;14,10;4,94
26/09/2016;26/09/2016 0:09:16;11,64;12,62;5,71;12,03;14,10;4,94
27/09/2016;27/09/2016 0:09:16;11,64;12,62;5,72;12,03;14,09;4,94
28/09/2016;28/09/2016 0:01:39;11,64;12,62;5,72;12,04;14,09;4,94
29/09/2016;29/09/2016 0:01:39;11,64;12,62;5,72;12,03;14,09;4,94
30/09/2016;30/09/2016 0:01:39;11,64;12,62;5,72;12,03;14,08;4,94
01/10/2016;01/10/2016 0:01:39;11,64;12,62;5,72;12,03;14,08;4,94
02/10/2016;02/10/2016 0:01:39;11,64;12,62;5,72;12,03;14,08;4,94
03/10/2016;03/10/2016 0:01:39;11,64;12,62;5,72;12,03;14,07;4,94
04/10/2016;04/10/2016 0:03:24;11,64;12,62;5,72;12,03;14,07;4,94
05/10/2016;05/10/2016 0:03:24;11,65;12,62;5,73;12,03;14,05;4,94
06/10/2016;06/10/2016 0:03:24;11,65;12,62;5,73;12,03;14,05;4,94
07/10/2016;07/10/2016 0:03:24;11,65;12,62;5,73;12,03;14,04;4,94
08/10/2016;08/10/2016 0:03:24;11,64;12,62;5,73;12,03;14,04;4,94
09/10/2016;09/10/2016 0:03:24;11,64;12,62;5,73;12,03;14,04;4,93
10/10/2016;10/10/2016 0:03:24;11,64;12,62;5,73;12,03;14,04;4,93
11/10/2016;11/10/2016 0:03:24;11,64;12,62;5,73;12,03;14,04;4,93
12/10/2016;12/10/2016 0:03:24;11,64;12,61;5,73;12,03;14,04;4,93
13/10/2016;13/10/2016 0:03:24;11,64;12,60;5,73;12,03;14,03;4,93
14/10/2016;14/10/2016 0:03:24;11,64;12,60;5,73;12,03;14,03;4,93
15/10/2016;15/10/2016 0:03:24;11,64;12,60;5,72;12,03;14,03;4,93
16/10/2016;16/10/2016 0:03:24;11,64;12,60;5,72;12,03;14,03;4,93
17/10/2016;17/10/2016 0:03:24;11,63;12,60;5,72;12,03;14,03;4,93
18/10/2016;18/10/2016 0:03:24;11,64;12,60;5,72;12,03;14,03;4,93
19/10/2016;19/10/2016 0:03:24;11,64;12,60;5,73;12,03;14,04;4,93
20/10/2016;20/10/2016 0:03:24;11,64;12,60;5,73;12,03;14,03;4,93
21/10/2016;21/10/2016 0:03:24;11,64;12,60;5,72;12,03;14,03;4,93
22/10/2016;22/10/2016 0:03:24;11,64;12,60;5,72;12,03;14,03;4,93
23/10/2016;23/10/2016 0:03:24;11,63;12,60;5,72;12,03;14,03;4,93
24/10/2016;24/10/2016 0:03:24;11,63;12,60;5,72;12,03;14,03;4,93
25/10/2016;25/10/2016 0:03:24;11,63;12,60;5,71;12,03;14,03;4,93
26/10/2016;26/10/2016 0:03:24;11,63;12,60;5,72;12,03;14,03;4,93
27/10/2016;27/10/2016 0:03:24;11,63;12,60;5,72;12,03;14,03;4,93
28/10/2016;28/10/2016 0:03:24;11,63;12,60;5,72;12,03;14,03;4,93
29/10/2016;29/10/2016 0:03:24;11,63;12,60;5,72;12,03;14,03;4,93
30/10/2016;30/10/2016 0:03:24;11,63;12,60;5,72;12,03;14,03;4,92
31/10/2016;31/10/2016 0:03:24;11,63;12,59;5,72;12,03;14,03;4,92
01/11/2016;01/11/2016 0:03:24;11,63;12,59;5,72;12,03;14,03;4,92
02/11/2016;02/11/2016 0:03:24;11,63;12,59;5,72;12,03;14,03;4,92
03/11/2016;03/11/2016 0:03:24;11,63;12,60;5,72;12,03;14,03;4,92
04/11/2016;04/11/2016 0:03:24;11,63;12,59;5,72;12,03;14,03;4,92
05/11/2016;05/11/2016 0:03:24;11,63;12,59;5,71;12,03;14,03;4,92
06/11/2016;06/11/2016 0:03:24;11,63;12,59;5,71;12,03;14,03;4,92
07/11/2016;07/11/2016 0:03:24;11,63;12,59;5,71;12,02;14,03;4,91
08/11/2016;08/11/2016 0:03:24;11,63;12,59;5,71;12,02;14,02;4,90
09/11/2016;09/11/2016 0:03:24;11,63;12,59;5,71;12,02;14,02;4,90
10/11/2016;10/11/2016 0:03:24;11,63;12,59;5,71;12,02;14,02;4,90
11/11/2016;11/11/2016 0:03:24;11,63;12,59;5,71;12,02;14,02;4,90
12/11/2016;12/11/2016 0:03:24;11,63;12,59;5,71;12,02;14,02;4,90
13/11/2016;13/11/2016 0:03:24;11,63;12,59;5,71;12,02;14,02;4,90
14/11/2016;14/11/2016 0:03:24;11,63;12,58;5,71;12,02;14,02;4,90
15/11/2016;15/11/2016 0:03:24;11,63;12,58;5,71;12,03;14,02;4,89
16/11/2016;16/11/2016 0:03:24;11,63;12,58;5,71;12,03;14,02;4,89
17/11/2016;17/11/2016 0:03:24;11,63;12,58;5,71;12,03;14,02;4,89
18/11/2016;18/11/2016 0:03:24;11,63;12,58;5,71;12,03;14,02;4,89
19/11/2016;19/11/2016 0:03:24;11,63;12,58;5,71;12,03;14,02;4,88
20/11/2016;20/11/2016 0:03:24;11,63;12,58;5,71;12,03;14,02;4,88
21/11/2016;21/11/2016 0:03:24;11,63;12,58;5,71;12,03;14,02;4,88
22/11/2016;22/11/2016 0:03:24;11,63;12,58;5,71;12,03;14,02;4,88
23/11/2016;23/11/2016 0:03:24;11,63;12,58;5,71;12,03;14,02;4,88
24/11/2016;24/11/2016 0:03:24;11,63;12,58;5,71;12,02;14,02;4,88
25/11/2016;25/11/2016 0:03:24;11,62;12,58;5,71;12,02;14,01;4,88
26/11/2016;26/11/2016 0:03:24;11,63;12,58;5,71;12,02;14,02;4,89
27/11/2016;27/11/2016 0:03:24;11,63;12,57;5,70;12,02;14,02;4,89
28/11/2016;28/11/2016 0:03:24;11,62;12,57;5,70;12,02;14,01;4,89
29/11/2016;29/11/2016 0:03:24;11,62;12,57;5,70;12,02;14,02;4,89
30/11/2016;30/11/2016 0:03:24;11,63;12,57;5,70;12,03;14,02;4,89
01/12/2016;01/12/2016 0:03:24;11,63;12,57;5,70;12,03;14,02;4,89
02/12/2016;02/12/2016 0:03:24;11,63;12,57;5,71;12,03;14,02;4,89
03/12/2016;03/12/2016 0:03:24;11,63;12,57;5,71;12,03;14,02;4,89
04/12/2016;04/12/2016 0:03:24;11,63;12,57;5,71;12,03;14,02;4,89
05/12/2016;05/12/2016 0:03:24;11,63;12,57;5,71;12,03;14,02;4,89
06/12/2016;06/12/2016 0:03:24;11,63;12,57;5,71;12,03;14,02;4,89
07/12/2016;07/12/2016 0:03:24;11,63;12,57;5,71;12,03;14,02;4,88
08/12/2016;08/12/2016 0:07:07;11,63;12,57;5,71;12,03;14,02;4,88
09/12/2016;09/12/2016 0:07:07;11,63;12,57;5,71;12,03;14,02;4,88
10/12/2016;10/12/2016 0:07:07;11,63;12,57;5,71;12,03;14,02;4,87
11/12/2016;11/12/2016 0:07:07;11,63;12,57;5,71;12,03;14,02;4,87
12/12/2016;12/12/2016 0:07:07;11,63;12,57;5,71;12,03;14,02;4,86
13/12/2016;13/12/2016 0:07:07;11,63;12,57;5,70;12,03;14,02;4,86
14/12/2016;14/12/2016 0:07:07;11,63;12,57;5,70;12,02;14,02;4,85
15/12/2016;15/12/2016 0:07:07;11,63;12,57;5,70;12,02;14,01;4,85
16/12/2016;16/12/2016 0:07:07;11,63;12,57;5,70;12,02;14,01;4,85
17/12/2016;17/12/2016 0:07:07;11,63;12,57;5,70;12,02;14,01;4,85
18/12/2016;18/12/2016 0:07:07;11,63;12,57;5,70;12,02;14,01;4,84
19/12/2016;19/12/2016 0:07:07;11,63;12,57;5,70;12,03;14,01;4,84
20/12/2016;20/12/2016 0:07:07;11,63;12,57;5,70;12,02;14,01;4,84
21/12/2016;21/12/2016 0:07:07;11,63;12,57;5,70;12,02;14,01;4,84
22/12/2016;22/12/2016 0:01:52;11,63;12,57;5,70;12,02;14,01;4,83
23/12/2016;23/12/2016 0:01:52;11,63;12,57;5,70;12,02;14,01;4,83
24/12/2016;24/12/2016 0:01:52;11,63;12,57;5,70;12,02;14,01;4,83
25/12/2016;25/12/2016 0:01:52;11,63;12,57;5,70;12,03;14,01;4,82
26/12/2016;26/12/2016 0:01:52;11,63;12,57;5,70;12,03;14,01;4,82
27/12/2016;27/12/2016 0:01:52;11,63;12,57;5,70;12,02;14,01;4,82
28/12/2016;28/12/2016 0:01:52;11,63;12,57;5,70;12,02;14,01;4,81
29/12/2016;29/12/2016 0:01:52;11,63;12,57;5,70;12,03;14,01;4,81
30/12/2016;30/12/2016 0:01:52;11,63;12,57;5,70;12,03;14,01;4,81
31/12/2016;31/12/2016 0:01:52;11,63;12,57;5,70;12,03;14,01;4,81
01/01/2017;01/01/2017 0:01:52;11,63;12,57;5,70;12,02;14,00;4,80
02/01/2017;02/01/2017 0:01:52;11,63;12,57;5,70;12,02;14,00;4,79
03/01/2017;03/01/2017 0:01:52;11,63;12,57;5,70;12,03;14,00;4,79
04/01/2017;04/01/2017 0:01:52;11,63;12,57;5,70;12,03;14,01;4,79
05/01/2017;05/01/2017 0:01:52;11,63;12,57;5,70;12,03;14,01;4,78
06/01/2017;06/01/2017 0:01:52;11,63;12,57;5,70;12,03;14,00;4,78
07/01/2017;07/01/2017 0:01:52;11,63;12,57;5,70;12,03;14,00;4,78
08/01/2017;08/01/2017 0:01:52;11,63;12,57;5,70;12,03;14,00;4,77
09/01/2017;09/01/2017 0:01:52;11,63;12,57;5,70;12,03;14,00;4,77
10/01/2017;10/01/2017 0:01:52;11,63;12,57;5,70;12,03;14,00;4,76
11/01/2017;11/01/2017 0:01:52;11,63;12,57;5,70;12,03;14,00;4,76
12/01/2017;12/01/2017 0:01:52;11,63;12,57;5,70;12,03;14,00;4,76
13/01/2017;13/01/2017 0:01:52;11,63;12,57;5,70;12,03;14,00;4,76
14/01/2017;14/01/2017 0:01:52;11,63;12,56;5,70;12,03;14,00;4,76
15/01/2017;15/01/2017 0:01:52;11,62;12,56;5,70;12,03;14,00;4,73
16/01/2017;16/01/2017 0:01:52;11,62;12,56;5,70;12,03;14,00;4,73
17/01/2017;17/01/2017 0:01:52;11,62;12,56;5,70;12,03;14,00;4,73
18/01/2017;18/01/2017 0:01:52;11,62;12,56;5,70;12,03;14,00;4,73
19/01/2017;19/01/2017 0:01:52;11,61;12,56;5,70;12,04;13,98;4,71
20/01/2017;20/01/2017 0:01:52;11,61;12,56;5,70;12,04;13,98;4,72
21/01/2017;21/01/2017 0:01:52;11,61;12,56;5,70;12,04;13,98;4,72
22/01/2017;22/01/2017 0:01:52;11,61;12,56;5,70;12,04;13,98;4,72
23/01/2017;23/01/2017 0:01:52;11,61;12,56;5,70;12,05;13,98;4,72
24/01/2017;24/01/2017 0:01:52;11,61;12,56;5,70;12,05;13,98;4,72
25/01/2017;25/01/2017 0:01:52;11,61;12,56;5,70;12,05;13,98;4,71
26/01/2017;26/01/2017 0:01:52;11,61;12,56;5,70;12,05;13,98;4,71
27/01/2017;27/01/2017 0:01:52;11,61;12,56;5,71;12,05;13,98;4,71
28/01/2017;28/01/2017 0:01:52;11,61;12,56;5,71;12,05;13,98;4,70
29/01/2017;29/01/2017 0:01:52;11,61;12,56;5,71;12,05;13,98;4,70
30/01/2017;30/01/2017 0:01:52;11,61;12,56;5,71;12,05;13,99;4,70
31/01/2017;31/01/2017 0:01:52;11,61;12,56;5,71;12,05;13,99;4,69
01/02/2017;01/02/2017 0:01:52;11,61;12,56;5,71;12,05;13,99;4,69
02/02/2017;02/02/2017 0:01:52;11,61;12,56;5,71;12,05;13,99;4,69
03/02/2017;03/02/2017 0:01:52;11,62;12,56;5,71;12,05;13,99;4,68
04/02/2017;04/02/2017 0:01:52;11,62;12,56;5,71;12,05;13,99;4,68
05/02/2017;05/02/2017 0:01:52;11,62;12,56;5,71;12,05;13,99;4,68
06/02/2017;06/02/2017 0:01:52;11,62;12,56;5,71;12,05;13,99;4,67
07/02/2017;07/02/2017 0:01:52;11,62;12,56;5,71;12,05;13,99;4,66
08/02/2017;08/02/2017 0:01:52;11,62;12,56;5,71;12,05;13,99;4,65
09/02/2017;09/02/2017 0:01:52;11,61;12,56;5,71;12,05;13,99;4,64
10/02/2017;10/02/2017 0:01:52;11,61;12,56;5,71;12,05;13,99;4,64
11/02/2017;11/02/2017 0:01:52;11,61;12,55;5,71;12,05;13,98;4,64
12/02/2017;12/02/2017 0:01:52;11,61;12,56;5,71;12,05;13,99;4,64
13/02/2017;13/02/2017 0:01:52;11,61;12,55;5,71;12,05;13,99;4,65
14/02/2017;14/02/2017 0:01:52;11,61;12,55;5,71;12,05;13,99;4,64
15/02/2017;15/02/2017 0:01:52;11,62;12,55;5,71;12,05;13,99;4,64
16/02/2017;16/02/2017 0:01:52;11,62;12,56;5,71;12,05;13,99;4,64
17/02/2017;17/02/2017 0:01:52;11,62;12,55;5,71;12,05;13,99;4,63
18/02/2017;18/02/2017 0:01:52;11,62;12,56;5,71;12,05;13,99;4,63
19/02/2017;19/02/2017 0:01:52;11,62;12,56;5,71;12,05;13,99;4,63
20/02/2017;20/02/2017 0:01:52;11,62;12,56;5,71;12,05;13,99;4,63
21/02/2017;21/02/2017 0:01:52;11,61;12,55;5,71;12,05;13,99;4,62
22/02/2017;22/02/2017 0:01:52;11,62;12,56;5,71;12,05;13,99;4,62
23/02/2017;23/02/2017 0:01:52;11,62;12,56;5,71;12,05;13,99;4,62
24/02/2017;24/02/2017 0:01:52;11,62;12,55;5,71;12,05;13,99;4,62
25/02/2017;25/02/2017 0:01:52;11,62;12,55;5,71;12,05;13,99;4,62
26/02/2017;26/02/2017 0:01:52;11,62;12,55;5,71;12,05;13,99;4,61
27/02/2017;27/02/2017 0:01:52;11,61;12,55;5,71;12,05;13,99;4,61
28/02/2017;28/02/2017 0:01:52;11,62;12,55;5,71;12,05;13,99;4,61
01/03/2017;01/03/2017 0:01:52;11,61;12,55;5,71;12,05;13,99;4,61
02/03/2017;02/03/2017 0:01:52;11,62;12,56;5,71;12,05;13,99;4,60
03/03/2017;03/03/2017 0:01:52;11,62;12,56;5,71;12,05;13,99;4,60
04/03/2017;04/03/2017 0:01:52;11,61;12,55;5,71;12,05;13,99;4,59
05/03/2017;05/03/2017 0:01:52;11,61;12,55;5,71;12,05;13,99;4,60
06/03/2017;06/03/2017 0:01:52;11,61;12,55;5,71;12,05;13,99;4,60
07/03/2017;07/03/2017 0:01:52;11,62;12,56;5,71;12,05;13,99;4,60
08/03/2017;08/03/2017 0:01:52;11,62;12,56;5,71;12,05;14,00;4,60
09/03/2017;09/03/2017 0:01:52;11,62;12,56;5,71;12,05;14,00;4,60
10/03/2017;10/03/2017 0:01:52;11,62;12,56;5,71;12,06;14,00;4,60
11/03/2017;11/03/2017 0:01:52;11,62;12,56;5,71;12,06;14,00;4,60
12/03/2017;12/03/2017 0:01:52;11,62;12,56;5,71;12,06;14,00;4,60
13/03/2017;13/03/2017 0:01:52;11,62;12,56;5,71;12,05;14,00;4,60
14/03/2017;14/03/2017 0:01:52;11,62;12,55;5,71;12,05;13,99;4,59
15/03/2017;15/03/2017 0:01:52;11,62;12,55;5,71;12,05;13,99;4,58
16/03/2017;16/03/2017 0:01:52;11,62;12,55;5,71;12,05;13,99;4,59
17/03/2017;17/03/2017 0:01:52;11,62;12,55;5,71;12,05;13,99;4,59
18/03/2017;18/03/2017 0:01:52;11,62;12,55;5,71;12,05;14,00;4,59
19/03/2017;19/03/2017 0:01:52;11,62;12,55;5,71;12,05;14,00;4,59
20/03/2017;20/03/2017 0:01:52;11,62;12,55;5,71;12,05;14,00;4,59
21/03/2017;21/03/2017 0:01:52;11,62;12,55;5,71;12,05;14,00;4,59
22/03/2017;22/03/2017 0:01:52;11,62;12,55;5,71;12,05;14,00;4,58
23/03/2017;23/03/2017 0:01:52;11,62;12,55;5,71;12,05;13,99;4,58
24/03/2017;24/03/2017 0:01:52;11,62;12,55;5,71;12,05;13,99;4,57
25/03/2017;25/03/2017 0:01:52;11,62;12,55;5,71;12,05;13,99;4,57
26/03/2017;26/03/2017 0:01:52;11,61;12,55;5,71;12,05;13,99;4,57
27/03/2017;27/03/2017 0:01:52;11,62;12,55;5,71;12,05;13,99;4,58
28/03/2017;28/03/2017 0:01:52;11,62;12,55;5,71;12,05;13,99;4,58
29/03/2017;29/03/2017 0:01:52;11,62;12,55;5,71;12,05;14,00;4,58
30/03/2017;30/03/2017 0:01:52;11,62;12,56;5,71;12,05;14,00;4,58
31/03/2017;31/03/2017 0:01:52;11,62;12,56;5,71;12,05;14,00;4,58
01/04/2017;01/04/2017 0:01:52;11,62;12,56;5,71;12,05;14,00;4,57
02/04/2017;02/04/2017 0:01:52;11,62;12,56;5,71;12,05;14,00;4,57
03/04/2017;03/04/2017 0:01:52;11,62;12,56;5,71;12,05;14,00;4,57
04/04/2017;04/04/2017 0:01:52;11,62;12,56;5,71;12,06;14,00;4,57
05/04/2017;05/04/2017 0:01:52;11,62;12,56;5,71;12,06;14,00;4,57
06/04/2017;06/04/2017 0:01:52;11,62;12,56;5,72;12,06;14,00;4,56
07/04/2017;07/04/2017 0:01:52;11,62;12,56;5,72;12,06;14,00;4,56
08/04/2017;08/04/2017 0:01:52;11,62;12,56;5,72;12,06;14,00;4,56
09/04/2017;09/04/2017 0:01:52;11,62;12,56;5,72;12,06;14,00;4,55
10/04/2017;10/04/2017 0:01:52;11,62;12,56;5,72;12,06;14,00;4,55
11/04/2017;11/04/2017 0:01:52;11,62;12,56;5,72;12,06;14,00;4,55
12/04/2017;12/04/2017 0:01:52;11,62;12,56;5,72;12,06;14,00;4,54
13/04/2017;13/04/2017 0:01:52;11,62;12,56;5,72;12,06;14,00;4,54
14/04/2017;14/04/2017 0:01:52;11,62;12,56;5,72;12,06;14,00;4,54
15/04/2017;15/04/2017 0:01:52;11,62;12,56;5,72;12,06;14,00;4,54
16/04/2017;16/04/2017 0:01:52;11,62;12,56;5,72;12,06;14,00;4,54
17/04/2017;17/04/2017 0:01:52;11,62;12,56;5,72;12,06;14,00;4,54
18/04/2017;18/04/2017 0:01:52;11,62;12,56;5,72;12,06;14,00;4,54
19/04/2017;19/04/2017 0:01:52;11,62;12,56;5,72;12,06;14,01;4,53
20/04/2017;20/04/2017 0:01:52;11,62;12,56;5,72;12,06;14,00;4,53
21/04/2017;21/04/2017 0:01:52;11,62;12,56;5,72;12,06;14,00;4,52
22/04/2017;22/04/2017 0:01:52;11,62;12,55;5,72;12,05;14,00;4,51
23/04/2017;23/04/2017 0:01:52;11,62;12,56;5,72;12,06;14,00;4,52
24/04/2017;24/04/2017 0:01:52;11,62;12,56;5,72;12,06;14,00;4,52
25/04/2017;25/04/2017 0:01:52;11,62;12,56;5,72;12,06;14,00;4,51
26/04/2017;26/04/2017 0:01:52;11,62;12,55;5,72;12,06;14,00;4,51
27/04/2017;27/04/2017 0:01:52;11,62;12,55;5,72;12,05;14,00;4,51
28/04/2017;28/04/2017 0:01:52;11,62;12,55;5,72;12,05;14,00;4,50
29/04/2017;29/04/2017 0:01:52;11,62;12,55;5,72;12,05;14,00;4,50
30/04/2017;30/04/2017 0:01:52;11,62;12,55;5,72;12,05;14,00;4,51
01/05/2017;01/05/2017 0:01:52;11,62;12,55;5,72;12,05;14,00;4,50
02/05/2017;02/05/2017 0:01:52;11,62;12,55;5,72;12,05;14,00;4,50
03/05/2017;03/05/2017 0:01:52;11,62;12,56;5,72;12,06;14,00;4,50
04/05/2017;04/05/2017 0:01:52;11,62;12,56;5,72;12,06;14,00;4,51
05/05/2017;05/05/2017 0:01:52;11,62;12,56;5,72;12,06;14,00;4,51
06/05/2017;06/05/2017 0:01:52;11,62;12,55;5,72;12,06;14,00;4,50
07/05/2017;07/05/2017 0:01:52;11,62;12,56;5,72;12,06;14,00;4,50
08/05/2017;08/05/2017 0:01:52;11,62;12,56;5,72;12,06;14,01;4,50
09/05/2017;09/05/2017 0:01:52;11,62;12,56;5,72;12,06;14,01;4,50
10/05/2017;10/05/2017 0:01:52;11,62;12,56;5,72;12,06;14,01;4,50
11/05/2017;11/05/2017 0:01:52;11,62;12,55;5,72;12,05;14,00;4,50
12/05/2017;12/05/2017 0:01:52;11,62;12,55;5,72;12,05;14,00;4,50
13/05/2017;13/05/2017 0:01:52;11,62;12,55;5,72;12,05;14,00;4,50
14/05/2017;14/05/2017 0:01:52;11,62;12,55;5,72;12,05;14,00;4,50
15/05/2017;15/05/2017 0:01:52;11,62;12,55;5,72;12,06;14,01;4,50
16/05/2017;16/05/2017 0:01:52;11,62;12,56;5,72;12,06;14,01;4,50
17/05/2017;17/05/2017 0:01:52;11,62;12,55;5,72;12,06;14,01;4,50
18/05/2017;18/05/2017 0:01:52;11,62;12,56;5,72;12,06;14,01;4,50
19/05/2017;19/05/2017 0:01:52;11,62;12,56;5,72;12,06;14,01;4,50
20/05/2017;20/05/2017 0:01:52;11,62;12,56;5,72;12,06;14,01;4,50
21/05/2017;21/05/2017 0:01:52;11,62;12,56;5,72;12,06;14,01;4,50
22/05/2017;22/05/2017 0:01:52;11,62;12,55;5,72;12,06;14,01;4,50
23/05/2017;23/05/2017 0:01:52;11,62;12,56;5,72;12,06;14,01;4,50
24/05/2017;24/05/2017 0:01:52;11,62;12,56;5,72;12,06;14,01;4,50
25/05/2017;25/05/2017 0:01:52;11,62;12,56;5,72;12,06;14,02;4,49
26/05/2017;26/05/2017 0:01:52;11,62;12,55;5,72;12,06;14,01;4,48
27/05/2017;27/05/2017 0:01:52;11,62;12,55;5,72;12,06;14,01;4,48
28/05/2017;28/05/2017 0:01:52;11,62;12,55;5,72;12,06;14,01;4,47
29/05/2017;29/05/2017 0:01:52;11,62;12,55;5,72;12,06;14,01;4,47
30/05/2017;30/05/2017 0:01:52;11,62;12,55;5,72;12,05;14,01;4,46
31/05/2017;31/05/2017 0:01:52;11,62;12,55;5,72;12,06;14,01;4,47
01/06/2017;01/06/2017 0:01:52;11,63;12,55;5,72;12,06;14,02;4,47
02/06/2017;02/06/2017 0:01:52;11,63;12,55;5,72;12,06;14,02;4,46
03/06/2017;03/06/2017 0:01:52;11,63;12,55;5,72;12,06;14,02;4,46
04/06/2017;04/06/2017 0:01:52;11,63;12,55;5,72;12,06;14,02;4,45
05/06/2017;05/06/2017 0:01:52;11,63;12,55;5,72;12,06;14,01;4,44
06/06/2017;06/06/2017 0:01:52;11,63;12,55;5,72;12,06;14,01;4,43
07/06/2017;07/06/2017 0:01:52;11,63;12,55;5,72;12,06;14,02;4,43
08/06/2017;08/06/2017 0:01:52;11,63;12,55;5,72;12,06;14,02;4,43
09/06/2017;09/06/2017 0:01:52;11,63;12,55;5,72;12,06;14,02;4,43
10/06/2017;10/06/2017 0:01:52;11,63;12,55;5,72;12,06;14,02;4,42
11/06/2017;11/06/2017 0:01:52;11,63;12,55;5,72;12,06;14,02;4,42
12/06/2017;12/06/2017 0:01:52;11,63;12,55;5,73;12,07;14,02;4,42
13/06/2017;13/06/2017 0:01:52;11,63;12,55;5,73;12,07;14,02;4,41
14/06/2017;14/06/2017 0:01:52;11,63;12,55;5,73;12,07;14,02;4,40
15/06/2017;15/06/2017 0:01:52;11,63;12,55;5,73;12,06;14,02;4,40
16/06/2017;16/06/2017 0:01:52;11,63;12,55;5,73;12,07;14,02;4,39
17/06/2017;17/06/2017 0:08:13;11,63;12,55;5,73;12,07;14,02;4,38
18/06/2017;18/06/2017 0:08:13;11,63;12,55;5,73;12,07;14,02;4,37
19/06/2017;19/06/2017 0:08:13;11,63;12,55;5,73;12,07;14,02;4,37
20/06/2017;20/06/2017 0:08:13;11,63;12,55;5,73;12,07;14,02;4,35
21/06/2017;21/06/2017 0:08:13;11,63;12,55;5,73;12,07;14,02;4,34
22/06/2017;22/06/2017 0:08:13;11,63;12,55;5,73;12,07;14,02;4,33
23/06/2017;23/06/2017 0:08:13;11,63;12,55;5,73;12,07;14,02;4,32
24/06/2017;24/06/2017 0:08:13;11,64;12,55;5,73;12,07;14,02;4,31
25/06/2017;25/06/2017 0:08:13;11,64;12,55;5,74;12,07;14,02;4,32
26/06/2017;26/06/2017 0:08:13;11,64;12,55;5,74;12,07;14,02;4,30
27/06/2017;27/06/2017 0:08:13;11,64;12,55;5,74;12,07;14,02;4,29
28/06/2017;28/06/2017 0:08:13;11,64;12,55;5,73;12,07;14,02;4,29
29/06/2017;29/06/2017 0:08:13;11,64;12,55;5,73;12,07;14,02;4,28
30/06/2017;30/06/2017 0:08:13;11,64;12,55;5,73;12,07;14,01;4,27
01/07/2017;01/07/2017 0:08:13;11,64;12,55;5,73;12,07;14,01;4,27
02/07/2017;02/07/2017 0:08:13;11,64;12,55;5,74;12,07;14,02;4,28
03/07/2017;03/07/2017 0:08:13;11,64;12,55;5,74;12,07;14,02;4,28
04/07/2017;04/07/2017 0:08:13;11,64;12,55;5,74;12,07;14,02;4,28
05/07/2017;05/07/2017 0:08:13;11,64;12,56;5,74;12,07;14,02;4,27
06/07/2017;06/07/2017 0:08:13;11,64;12,55;5,74;12,07;14,01;4,27
07/07/2017;07/07/2017 0:08:13;11,64;12,55;5,74;12,07;14,01;4,27
08/07/2017;08/07/2017 0:08:13;11,64;12,55;5,74;12,07;14,01;4,27
09/07/2017;09/07/2017 0:08:13;11,64;12,55;5,74;12,07;14,01;4,27
10/07/2017;10/07/2017 0:08:13;11,64;12,55;5,74;12,07;14,02;4,27
11/07/2017;11/07/2017 0:08:13;11,64;12,55;5,74;12,07;14,02;4,27
12/07/2017;12/07/2017 0:08:13;11,64;12,55;5,74;12,07;14,02;4,27
13/07/2017;13/07/2017 0:08:13;11,64;12,56;5,74;12,07;14,02;4,26
14/07/2017;14/07/2017 0:08:13;11,64;12,56;5,74;12,07;14,02;4,26
15/07/2017;15/07/2017 0:08:13;11,64;12,55;5,74;12,07;14,02;4,25
16/07/2017;16/07/2017 0:08:13;11,64;12,55;5,74;12,07;14,02;4,25
17/07/2017;17/07/2017 0:08:13;11,64;12,55;5,74;12,07;14,02;4,24
18/07/2017;18/07/2017 0:08:13;11,64;12,55;5,74;12,07;14,02;4,24
19/07/2017;19/07/2017 0:08:13;11,64;12,55;5,74;12,07;14,02;4,24
20/07/2017;20/07/2017 0:08:13;11,64;12,55;5,74;12,07;14,02;4,23
21/07/2017;21/07/2017 0:08:13;11,64;12,55;5,74;12,07;14,01;4,22
22/07/2017;22/07/2017 0:08:13;11,64;12,55;5,74;12,07;14,01;4,21
23/07/2017;23/07/2017 0:08:13;11,64;12,55;5,74;12,07;14,01;4,21
24/07/2017;24/07/2017 0:08:13;11,64;12,55;5,74;12,07;14,01;4,21
25/07/2017;25/07/2017 0:08:13;11,64;12,55;5,74;12,07;14,01;4,21
26/07/2017;26/07/2017 0:08:13;11,64;12,56;5,74;12,07;14,01;4,21
27/07/2017;27/07/2017 0:08:13;11,64;12,55;5,74;12,07;14,00;4,21
28/07/2017;28/07/2017 0:08:13;11,64;12,55;5,74;12,07;14,00;4,20
29/07/2017;29/07/2017 0:08:13;11,64;12,55;5,74;12,08;14,00;4,20
30/07/2017;30/07/2017 0:08:13;11,64;12,55;5,74;12,08;14,00;4,19
31/07/2017;31/07/2017 0:08:13;11,64;12,55;5,74;12,08;14,00;4,19
01/08/2017;01/08/2017 0:08:13;11,64;12,55;5,74;12,08;13,99;4,19
02/08/2017;02/08/2017 0:04:01;11,64;12,55;5,74;12,07;13,99;4,18
03/08/2017;03/08/2017 8:53:50;11,64;12,55;5,74;12,07;13,94;4,17
04/08/2017;04/08/2017 0:03:50;11,64;12,56;5,74;12,08;13,94;4,17
05/08/2017;05/08/2017 0:03:50;11,64;12,56;5,75;12,08;13,94;4,17
06/08/2017;06/08/2017 0:03:50;11,64;12,56;5,75;12,08;13,94;4,17
07/08/2017;07/08/2017 0:03:50;11,64;12,56;5,75;12,08;13,94;4,16
08/08/2017;08/08/2017 0:03:50;11,64;12,56;5,75;12,08;13,94;4,15
09/08/2017;09/08/2017 8:12:59;11,64 u.;12,55 u.;5,75 u.;12,08 u.;13,93 u.;4,14 u.
10/08/2017;10/08/2017 0:07:54;11,64;12,55;5,75;12,08;13,93;4,14
11/08/2017;11/08/2017 0:07:54;11,64;12,55;5,75;12,08;13,93;4,14
12/08/2017;12/08/2017 0:07:54;11,64;12,56;5,75;12,08;13,93;4,14
13/08/2017;13/08/2017 0:07:54;11,64;12,56;5,75;12,08;13,93;4,14
14/08/2017;14/08/2017 0:07:54;11,64;12,56;5,75;12,08;13,93;4,14
15/08/2017;15/08/2017 0:07:54;11,64;12,56;5,75;12,08;13,92;4,14
16/08/2017;16/08/2017 0:07:54;11,64;12,55;5,75;12,08;13,92;4,14
17/08/2017;17/08/2017 0:07:54;11,64;12,56;5,75;12,08;13,92;4,14
18/08/2017;18/08/2017 0:07:54;11,64;12,56;5,75;12,08;13,92;4,14
19/08/2017;19/08/2017 0:07:54;11,64;12,56;5,75;12,08;13,92;4,14
20/08/2017;20/08/2017 0:07:54;11,64;12,56;5,75;12,08;13,91;4,14
21/08/2017;21/08/2017 0:07:54;11,64;12,56;5,75;12,08;13,91;4,14
22/08/2017;22/08/2017 0:07:54;11,64;12,56;5,75;12,08;13,91;4,14
23/08/2017;23/08/2017 0:07:54;11,64;12,55;5,75;12,08;13,91;4,14
24/08/2017;24/08/2017 0:07:54;11,64;12,56;5,76;12,08;13,90;4,14
25/08/2017;25/08/2017 0:07:54;11,64;12,55;5,76;12,08;13,90;4,14
26/08/2017;26/08/2017 0:07:54;11,64;12,56;5,76;12,08;13,90;4,14
27/08/2017;27/08/2017 0:07:54;11,64;12,56;5,76;12,08;13,89;4,14
28/08/2017;28/08/2017 0:07:54;11,64;12,55;5,76;12,08;13,89;4,13
29/08/2017;29/08/2017 0:07:54;11,64;12,55;5,76;12,08;13,88;4,13
30/08/2017;30/08/2017 0:07:54;11,64;12,55;5,75;12,08;13,88;4,13
31/08/2017;31/08/2017 0:07:54;11,64;12,55;5,76;12,08;13,88;4,13
01/09/2017;01/09/2017 0:07:54;11,64;12,55;5,76;12,08;13,88;4,13
02/09/2017;02/09/2017 0:07:54;11,64;12,55;5,76;12,08;13,88;4,14
03/09/2017;03/09/2017 0:07:54;11,64;12,55;5,76;12,08;13,88;4,14
04/09/2017;04/09/2017 0:07:54;11,64;12,55;5,76;12,08;13,87;4,14
05/09/2017;05/09/2017 0:07:54;11,64;12,55;5,76;12,08;13,87;4,14
06/09/2017;06/09/2017 0:07:54;11,64;12,55;5,77;12,08;13,87;4,14
07/09/2017;07/09/2017 0:07:54;11,64;12,55;5,77;12,08;13,87;4,14
08/09/2017;08/09/2017 0:07:54;11,64;12,55;5,77;12,08;13,87;4,14
09/09/2017;09/09/2017 0:07:54;11,64;12,55;5,77;12,08;13,86;4,14
10/09/2017;10/09/2017 0:07:54;11,64;12,55;5,77;12,08;13,86;4,14
11/09/2017;11/09/2017 0:07:54;11,64;12,55;5,77;12,08;13,86;4,14
12/09/2017;12/09/2017 0:07:54;11,64;12,55;5,78;12,08;13,86;4,15
13/09/2017;13/09/2017 0:07:54;11,64;12,56;5,78;12,08;13,85;4,16
14/09/2017;14/09/2017 0:07:54;11,64;12,56;5,78;12,08;13,85;4,15
15/09/2017;15/09/2017 0:07:54;11,64;12,56;5,78;12,08;13,84;4,15
16/09/2017;16/09/2017 0:07:54;11,64;12,55;5,78;12,08;13,84;4,15
17/09/2017;17/09/2017 0:07:54;11,63;12,55;5,78;12,08;13,84;4,16
18/09/2017;18/09/2017 0:07:54;11,63;12,55;5,78;12,08;13,83;4,16
19/09/2017;19/09/2017 0:07:54;11,63;12,56;5,79;12,08;13,83;4,17
20/09/2017;20/09/2017 0:07:54;11,64;12,56;5,79;12,08;13,82;4,18
21/09/2017;21/09/2017 0:07:54;11,64;12,56;5,79;12,08;13,82;4,18
22/09/2017;22/09/2017 0:07:54;11,64;12,56;5,79;12,08;13,82;4,18
23/09/2017;23/09/2017 0:08:52;11,64;12,56;5,80;12,08;13,81;4,19
24/09/2017;24/09/2017 0:08:52;11,64;12,56;5,80;12,08;13,80;4,19
25/09/2017;25/09/2017 0:08:52;11,64;12,56;5,80;12,08;13,80;4,19
26/09/2017;26/09/2017 0:08:52;11,64;12,56;5,80;12,08;13,80;4,20
27/09/2017;27/09/2017 0:08:52;11,64;12,56;5,80;12,08;13,79;4,20
28/09/2017;28/09/2017 0:08:52;11,63;12,55;5,80;12,07;13,78;4,20
29/09/2017;29/09/2017 0:08:52;11,64;12,56;5,80;12,07;13,78;4,20
30/09/2017;30/09/2017 0:08:52;11,64;12,56;5,81;12,08;13,78;4,21
01/10/2017;01/10/2017 0:08:52;11,64;12,56;5,81;12,08;13,78;4,21
02/10/2017;02/10/2017 0:08:52;11,64;12,56;5,82;12,08;13,77;4,22
03/10/2017;03/10/2017 0:08:52;11,64;12,56;5,82;12,08;13,77;4,22
04/10/2017;04/10/2017 0:08:52;11,64;12,56;5,82;12,08;13,77;4,22
05/10/2017;05/10/2017 0:08:52;11,64;12,56;5,82;12,08;13,76;4,22
06/10/2017;06/10/2017 0:08:52;11,64;12,56;5,82;12,08;13,75;4,22
07/10/2017;07/10/2017 0:08:52;11,64;12,56;5,82;12,08;13,75;4,22
08/10/2017;08/10/2017 0:08:52;11,64;12,56;5,83;12,08;13,74;4,22
09/10/2017;09/10/2017 0:08:52;11,64;12,56;5,83;12,08;13,74;4,22
10/10/2017;10/10/2017 0:08:52;11,64;12,56;5,83;12,08;13,74;4,22
11/10/2017;11/10/2017 0:08:52;11,64;12,56;5,83;12,08;13,73;4,22
12/10/2017;12/10/2017 0:08:52;11,64;12,56;5,83;12,08;13,73;4,22
13/10/2017;13/10/2017 0:08:52;11,64;12,56;5,83;12,08;13,73;4,22
14/10/2017;14/10/2017 0:08:52;11,64;12,56;5,83;12,08;13,73;4,22
15/10/2017;15/10/2017 0:08:52;11,64;12,56;5,83;12,08;13,72;4,22
16/10/2017;16/10/2017 0:08:52;11,65;12,55;5,83;12,08;13,72;4,22
17/10/2017;17/10/2017 0:08:52;11,64;12,55;5,84;12,08;13,71;4,22
18/10/2017;18/10/2017 0:08:52;11,64;12,55;5,84;12,08;13,71;4,22
19/10/2017;19/10/2017 0:08:52;11,64;12,53;5,83;12,08;13,70;4,22
20/10/2017;20/10/2017 0:08:52;11,64;12,53;5,82;12,08;13,71;4,22
21/10/2017;21/10/2017 0:08:52;11,64;12,53;5,82;12,08;13,71;4,22
22/10/2017;22/10/2017 0:08:52;11,64;12,53;5,82;12,08;13,71;4,22
23/10/2017;23/10/2017 0:08:52;11,64;12,53;5,82;12,08;13,71;4,22
24/10/2017;24/10/2017 0:08:52;11,64;12,53;5,81;12,08;13,71;4,22
25/10/2017;25/10/2017 0:08:52;11,64;12,53;5,81;12,08;13,71;4,22
26/10/2017;26/10/2017 0:08:52;11,64;12,53;5,81;12,08;13,71;4,22
27/10/2017;27/10/2017 0:08:52;11,64;12,53;5,81;12,08;13,71;4,22
28/10/2017;28/10/2017 0:01:00;11,64;12,53;5,81;12,08;13,71;4,23
29/10/2017;29/10/2017 0:01:00;11,64;12,53;5,81;12,08;13,71;4,23
30/10/2017;30/10/2017 0:01:00;11,63;12,53;5,81;12,08;13,71;4,23
31/10/2017;31/10/2017 0:01:00;11,63;12,53;5,81;12,08;13,71;4,23
01/11/2017;01/11/2017 0:01:00;11,63;12,53;5,81;12,08;13,71;4,23
02/11/2017;02/11/2017 0:01:00;11,63;12,53;5,81;12,08;13,71;4,23
03/11/2017;03/11/2017 0:01:00;11,63;12,53;5,81;12,08;13,70;4,23
04/11/2017;04/11/2017 0:01:00;11,63;12,53;5,81;12,08;13,70;4,23
05/11/2017;05/11/2017 0:01:00;11,63;12,53;5,80;12,08;13,70;4,23
06/11/2017;06/11/2017 0:01:00;11,63;12,53;5,80;12,08;13,70;4,23
07/11/2017;07/11/2017 10:17:16;11,62;12,52;5,80;12,07;13,70;4,22
08/11/2017;08/11/2017 0:07:16;11,62;12,52;5,80;12,07;13,70;4,23
09/11/2017;09/11/2017 0:07:16;11,62;12,52;5,80;12,07;13,70;4,23
10/11/2017;10/11/2017 0:07:16;11,62;12,52;5,80;12,07;13,70;4,23
13/11/2017;13/11/2017 9:55:46;11,62;12,52;5,80;12,07;13,69;4,23
14/11/2017;14/11/2017 0:05:46;11,62;12,52;5,80;12,07;13,70;4,24
15/11/2017;15/11/2017 0:05:46;11,62;12,52;5,80;12,07;13,69;4,22
16/11/2017;16/11/2017 0:05:46;11,62;12,52;5,80;12,07;13,70;4,23
17/11/2017;17/11/2017 0:05:46;11,62;12,52;5,80;12,07;13,70;4,23
18/11/2017;18/11/2017 0:05:46;11,62;12,52;5,80;12,07;13,69;4,23
19/11/2017;19/11/2017 0:05:46;11,62;12,52;5,80;12,07;13,69;4,23
20/11/2017;20/11/2017 0:05:46;11,62;12,52;5,80;12,07;13,69;4,23
21/11/2017;21/11/2017 0:05:46;11,62;12,52;5,80;12,07;13,69;4,23
22/11/2017;22/11/2017 0:05:46;11,62;12,52;5,80;12,07;13,69;4,23
23/11/2017;23/11/2017 0:05:46;11,62;12,52;5,80;12,07;13,69;4,23
24/11/2017;24/11/2017 0:05:46;11,62;12,52;5,80;12,08;13,70;4,23
25/11/2017;25/11/2017 0:05:46;11,62;12,52;5,80;12,08;13,70;4,23
26/11/2017;26/11/2017 0:05:46;11,62;12,52;5,80;12,08;13,69;4,22
27/11/2017;27/11/2017 0:05:46;11,62;12,52;5,80;12,08;13,70;4,22
28/11/2017;28/11/2017 0:05:46;11,62;12,52;5,80;12,08;13,69;4,22
29/11/2017;29/11/2017 0:05:46;11,62;12,52;5,80;12,08;13,70;4,22
30/11/2017;30/11/2017 0:05:46;11,62;12,51;5,80;12,08;13,70;4,26
01/12/2017;01/12/2017 0:05:46;11,62;12,51;5,79;12,07;13,69;4,26
02/12/2017;02/12/2017 0:05:46;11,62;12,50;5,78;12,07;13,69;4,27
03/12/2017;03/12/2017 0:05:46;11,61;12,50;5,78;12,07;13,68;4,27
04/12/2017;04/12/2017 0:05:46;11,61;12,50;5,78;12,07;13,68;4,27
05/12/2017;05/12/2017 0:05:46;11,61;12,49;5,78;12,07;13,68;4,28
06/12/2017;06/12/2017 0:05:46;11,61;12,49;5,78;12,07;13,69;4,29
07/12/2017;07/12/2017 0:05:46;11,61;12,49;5,78;12,07;13,69;4,29
08/12/2017;08/12/2017 0:05:46;11,61;12,49;5,78;12,07;13,68;4,29
09/12/2017;09/12/2017 0:05:46;11,62;12,49;5,78;12,07;13,69;4,30
10/12/2017;10/12/2017 0:05:46;11,62;12,49;5,78;12,07;13,69;4,30
11/12/2017;11/12/2017 0:05:46;11,62;12,50;5,78;12,08;13,69;4,30
12/12/2017;12/12/2017 0:05:46;11,62;12,49;5,78;12,07;13,69;4,30
13/12/2017;13/12/2017 0:05:46;11,61;12,49;5,78;12,07;13,68;4,30
14/12/2017;14/12/2017 0:05:46;11,61;12,49;5,78;12,07;13,68;4,30
15/12/2017;15/12/2017 0:05:46;11,62;12,49;5,78;12,07;13,69;4,31
16/12/2017;16/12/2017 0:05:46;11,62;12,50;5,78;12,07;13,69;4,32
17/12/2017;17/12/2017 0:05:46;11,62;12,49;5,78;12,07;13,69;4,30
18/12/2017;18/12/2017 0:05:46;11,61;12,49;5,77;12,07;13,68;4,30
19/12/2017;19/12/2017 0:05:46;11,61;12,49;5,77;12,07;13,68;4,30
20/12/2017;20/12/2017 0:05:46;11,62;12,49;5,77;12,07;13,69;4,30
21/12/2017;21/12/2017 0:05:46;11,61;12,49;5,77;12,07;13,69;4,31
22/12/2017;22/12/2017 0:05:46;11,61;12,49;5,77;12,07;13,69;4,31
23/12/2017;23/12/2017 0:05:46;11,61;12,49;5,77;12,07;13,69;4,30
24/12/2017;24/12/2017 0:05:46;11,62;12,49;5,78;12,07;13,69;4,31
25/12/2017;25/12/2017 0:05:46;11,62;12,49;5,78;12,07;13,69;4,31
26/12/2017;26/12/2017 0:05:46;11,62;12,49;5,78;12,07;13,69;4,30
27/12/2017;27/12/2017 0:05:46;11,62;12,49;5,78;12,07;13,69;4,30
28/12/2017;28/12/2017 0:05:46;11,62;12,49;5,78;12,07;13,69;4,30
31/12/2017;31/12/2017 13:49:36;11,62;12,49;5,78;12,06;13,69;4,29
02/01/2018;02/01/2018 11:29:44;11,61;12,49;5,77;12,06;13,69;4,27
03/01/2018;03/01/2018 0:09:44;11,62;12,49;5,77;12,06;13,69;4,29
04/01/2018;04/01/2018 0:09:44;11,62;12,49;5,78;12,06;13,69;4,29
05/01/2018;05/01/2018 0:09:44;11,62;12,49;5,78;12,06;13,69;4,29
06/01/2018;06/01/2018 0:09:04;11,62;12,49;5,78;12,06;13,69;4,29
07/01/2018;07/01/2018 0:09:04;11,61;12,49;5,77;12,05;13,70;4,29
08/01/2018;08/01/2018 0:09:04;11,61;12,49;5,76;12,04;13,71;4,29
09/01/2018;09/01/2018 0:09:04;11,61;12,49;5,76;12,04;13,73;4,30
10/01/2018;10/01/2018 0:09:04;11,61;12,49;5,76;12,04;13,76;4,31
11/01/2018;11/01/2018 0:09:04;11,62;12,49;5,76;12,04;13,78;4,32
12/01/2018;12/01/2018 0:09:04;11,61;12,49;5,76;12,04;13,78;4,32
13/01/2018;13/01/2018 0:09:04;11,61;12,49;5,76;12,04;13,78;4,32
14/01/2018;14/01/2018 0:09:04;11,61;12,49;5,76;12,03;13,78;4,32
15/01/2018;15/01/2018 0:09:04;11,61;12,49;5,76;12,03;13,79;4,33
16/01/2018;16/01/2018 0:09:04;11,61;12,49;5,76;12,03;13,79;4,31
17/01/2018;17/01/2018 0:09:04;11,61;12,49;5,76;12,04;13,80;4,32
18/01/2018;18/01/2018 0:09:04;11,62;12,49;5,76;12,04;13,80;4,33
19/01/2018;19/01/2018 0:09:04;11,62;12,49;5,76;12,04;13,80;4,33
20/01/2018;20/01/2018 0:09:04;11,62;12,49;5,76;12,04;13,80;4,32
21/01/2018;21/01/2018 0:09:04;11,62;12,49;5,76;12,04;13,80;4,32
22/01/2018;22/01/2018 0:09:04;11,62;12,49;5,76;12,04;13,80;4,32
23/01/2018;23/01/2018 0:09:04;11,62;12,49;5,76;12,04;13,81;4,32
24/01/2018;24/01/2018 0:00:25;11,62;12,49;5,76;12,04;13,81;4,32
25/01/2018;25/01/2018 0:00:25;11,62;12,49;5,76;12,04;13,81;4,32
26/01/2018;26/01/2018 0:00:25;11,62;12,49;5,76;12,03;13,81;4,31
27/01/2018;27/01/2018 0:00:25;11,61;12,49;5,76;12,03;13,81;4,31
28/01/2018;28/01/2018 0:00:25;11,61;12,49;5,76;12,03;13,81;4,31
29/01/2018;29/01/2018 0:00:25;11,61;12,49;5,76;12,04;13,81;4,30
30/01/2018;30/01/2018 0:00:25;11,62;12,49;5,76;12,04;13,82;4,31
31/01/2018;31/01/2018 0:00:25;11,62;12,49;5,76;12,04;13,82;4,31
01/02/2018;01/02/2018 0:00:25;11,62;12,49;5,76;12,04;13,83;4,31
02/02/2018;02/02/2018 0:00:25;11,62;12,49;5,76;12,04;13,83;4,31
03/02/2018;03/02/2018 0:00:25;11,61;12,49;5,76;12,04;13,83;4,30
04/02/2018;04/02/2018 0:00:25;11,61;12,49;5,76;12,04;13,83;4,30
05/02/2018;05/02/2018 0:00:25;11,61;12,49;5,76;12,03;13,83;4,30
06/02/2018;06/02/2018 0:00:25;11,61;12,49;5,76;12,03;13,84;4,31
07/02/2018;07/02/2018 0:00:25;11,61;12,49;5,76;12,03;13,84;4,30
08/02/2018;08/02/2018 0:00:25;11,61;12,49;5,76;12,04;13,84;4,29
09/02/2018;09/02/2018 0:00:25;11,61;12,49;5,75;12,04;13,84;4,28
10/02/2018;10/02/2018 0:00:25;11,61;12,49;5,75;12,04;13,85;4,30
11/02/2018;11/02/2018 0:00:25;11,61;12,49;5,76;12,04;13,86;4,30
12/02/2018;12/02/2018 0:00:25;11,61;12,49;5,76;12,04;13,86;4,30
13/02/2018;13/02/2018 0:00:25;11,61;12,49;5,76;12,04;13,86;4,30
14/02/2018;14/02/2018 0:00:25;11,61;12,49;5,76;12,04;13,86;4,29
15/02/2018;15/02/2018 0:00:25;11,61;12,49;5,76;12,04;13,86;4,30
16/02/2018;16/02/2018 0:00:25;11,61;12,49;5,76;12,04;13,86;4,30
17/02/2018;17/02/2018 0:00:25;11,62;12,49;5,76;12,04;13,86;4,30
18/02/2018;18/02/2018 0:00:25;11,61;12,49;5,76;12,04;13,86;4,29
19/02/2018;19/02/2018 0:00:25;11,62;12,49;5,76;12,04;13,87;4,29
20/02/2018;20/02/2018 0:00:25;11,61;12,49;5,76;12,04;13,87;4,29
21/02/2018;21/02/2018 0:00:25;11,62;12,49;5,76;12,05;13,87;4,29
22/02/2018;22/02/2018 0:00:25;11,62;12,49;5,76;12,05;13,87;4,29
23/02/2018;23/02/2018 0:00:25;11,61;12,49;5,76;12,05;13,87;4,28
24/02/2018;24/02/2018 0:00:25;11,61;12,49;5,76;12,05;13,87;4,28
25/02/2018;25/02/2018 0:00:25;11,61;12,49;5,76;12,05;13,87;4,28
26/02/2018;26/02/2018 0:00:25;11,61;12,49;5,76;12,05;13,87;4,28
27/02/2018;27/02/2018 0:00:25;11,61;12,49;5,76;12,05;13,88;4,28
28/02/2018;28/02/2018 0:00:25;11,61;12,49;5,76;12,05;13,89;4,28
01/03/2018;01/03/2018 0:00:25;11,61;12,49;5,76;12,05;13,91;4,28
02/03/2018;02/03/2018 0:00:25;11,61;12,49;5,76;12,05;13,95;4,28
03/03/2018;03/03/2018 0:00:25;11,61;12,49;5,76;12,04;14,01;4,30
04/03/2018;04/03/2018 14:23:01;11,61;12,49;5,75;12,04;14,16;4,31
05/03/2018;05/03/2018 0:03:01;11,61;12,49;5,75;12,04;14,17;4,32
06/03/2018;06/03/2018 0:03:01;11,61;12,49;5,75;12,03;14,26;4,34
07/03/2018;07/03/2018 0:03:01;11,61;12,49;5,74;12,03;14,32;4,35
08/03/2018;08/03/2018 0:03:01;11,61;12,49;5,74;12,03;14,38;4,37
09/03/2018;09/03/2018 0:03:01;11,61;12,49;5,74;12,03;14,43;4,38
10/03/2018;10/03/2018 0:03:01;11,61;12,49;5,74;12,02;14,50;4,39
11/03/2018;11/03/2018 0:03:01;11,61;12,49;5,74;12,02;14,58;4,41
12/03/2018;12/03/2018 0:03:01;11,61;12,49;5,73;12,00;14,67;4,43
13/03/2018;13/03/2018 0:03:01;11,61;12,49;5,72;12,00;14,72;4,45
14/03/2018;14/03/2018 0:03:01;11,62;12,49;5,72;11,99;14,75;4,47
15/03/2018;15/03/2018 0:03:02;11,62;12,49;5,72;11,98;14,77;4,48
16/03/2018;16/03/2018 0:03:02;11,62;12,49;5,72;11,97;14,82;4,51
17/03/2018;17/03/2018 0:03:02;11,62;12,49;5,71;11,96;14,87;4,52
18/03/2018;18/03/2018 0:03:02;11,61;12,49;5,71;11,95;14,90;4,54
19/03/2018;19/03/2018 0:03:02;11,61;12,49;5,68;11,88;15,10;4,65
20/03/2018;20/03/2018 0:03:02;11,61;12,49;5,67;11,86;15,15;4,68
21/03/2018;21/03/2018 0:03:02;11,61;12,49;5,66;11,85;15,18;4,70
22/03/2018;22/03/2018 0:03:02;11,61;12,49;5,66;11,85;15,19;4,71
23/03/2018;23/03/2018 0:03:02;11,61;12,49;5,66;11,85;15,20;4,72
24/03/2018;24/03/2018 0:03:02;11,61;12,49;5,66;11,85;15,20;4,73
25/03/2018;25/03/2018 0:03:02;11,61;12,49;5,66;11,84;15,23;4,75
26/03/2018;26/03/2018 0:03:02;11,61;12,49;5,66;11,83;15,23;4,76
